<application>
  <component name="com.intellij.ide.ui.customization.CustomActionsSchema">
    <group value="TopStripeActionGroup" is_group="true" forse_popup="false" action_type="1" position="0">
      <path value="root" />
      <path value="Main Toolbar" />
      <path value="Center" />
      <option name="myInitialPosition" value="-1" />
    </group>
    <group value="Vcs.ShowTabbedFileHistory" is_action="true" action_type="1" position="1">
      <path value="root" />
      <path value="Main Toolbar" />
      <path value="Left" />
      <path value="VCS Group" />
      <option name="myInitialPosition" value="-1" />
    </group>
    <group value="StreamTracerAction" is_action="true" action_type="1" position="12">
      <path value="root" />
      <path value="Debug Header Toolbar" />
      <option name="myInitialPosition" value="-1" />
    </group>
  </component>
</application>