<application>
  <component name="LocalDatabaseDriverManager" version="201">
    <driver id="h2.unified">
      <artifact id="H2" name="H2" use="true" version="1.4.200" />
    </driver>
    <driver id="mongo">
      <artifact id="MongoDB" name="MongoDB" use="true" version="1.12" />
    </driver>
    <driver id="sqlserver.ms">
      <artifact id="SQL Server" name="SQL Server" use="true" version="12.2.0" />
    </driver>
    <driver id="postgresql">
      <artifact id="PostgreSQL" name="PostgreSQL" use="true" version="42.6.0" />
    </driver>
  </component>
</application>