<application>
  <component name="ParameterNameHintsSettings">
    <blacklists>
      <blacklist language="TypeScript">
        <added pattern="SnackBarService.openSnackBarWithTranslation({messageKey, action, horizontalPosition, verticalPosition, duration, messageParameters})" />
      </blacklist>
      <blacklist language="Java">
        <added pattern="com.codecool.springsecurity.auth.ApplicationUser.ApplicationUser(username,password,grantedAuthorities,isAccountNonExpired,isAccountNonLocked,isCredentialsNonExpired,isEnabled)" />
        <added pattern="org.junit.jupiter.params.provider.Arguments.of(arguments)" />
      </blacklist>
    </blacklists>
    <option id="js.param.hints.show.names.for.tagged" value="false" />
    <disabledLanguages>
      <language id="TypeScript" />
    </disabledLanguages>
  </component>
</application>