<application>
  <component name="SettingsSyncSettings">
    <option name="disabledSubcategories">
      <map>
        <entry key="PLUGINS">
          <value>
            <list>
              <option value="AceJump" />
              <option value="IdeaVIM" />
              <option value="com.dmarcotte.handlebars" />
              <option value="com.dubreuia.tool" />
              <option value="com.github.b3er.idea.plugins.arc.browser" />
              <option value="com.github.lonre.gruvbox-intellij-theme" />
              <option value="com.intellij.ideolog" />
              <option value="com.jetbrains.twig" />
              <option value="com.xrath.plugin.fold" />
              <option value="dev.meanmail.plugin.nginx-intellij-plugin" />
              <option value="mobi.hsz.idea.gitignore" />
              <option value="org.intellij.plugins.hcl" />
            </list>
          </value>
        </entry>
      </map>
    </option>
    <option name="syncEnabled" value="true" />
  </component>
</application>