<application>
  <component name="Vcs.Log.App.Settings">
    <option name="COLUMN_ID_ORDER">
      <list>
        <option value="Default.Root" />
        <option value="Default.Subject" />
        <option value="Default.Author" />
        <option value="Default.Date" />
        <option value="GitHub.CommitStatus" />
        <option value="Default.Hash" />
      </list>
    </option>
    <option name="COLUMN_ID_VISIBILITY">
      <map>
        <entry key="Table.Default.Hash.ColumnIdVisibility" value="true" />
        <entry key="Table.Git.CommitSignature.ColumnIdVisibility" value="false" />
      </map>
    </option>
    <option name="COMPACT_REFERENCES_VIEW" value="false" />
    <option name="SHOW_CHANGES_FROM_PARENTS" value="true" />
    <option name="SHOW_TAG_NAMES" value="true" />
  </component>
</application>