<keymap version="1" name="macOS copy" parent="Mac OS X 10.5+">
  <action id="$LRU">
    <keyboard-shortcut first-keystroke="ctrl 0" />
  </action>
  <action id="AceAction">
    <keyboard-shortcut first-keystroke="ctrl semicolon" />
    <keyboard-shortcut first-keystroke="ctrl meta w" />
    <keyboard-shortcut first-keystroke="ctrl c" />
  </action>
  <action id="ActivateBookmarksToolWindow" />
  <action id="ActivateBuildToolWindow">
    <keyboard-shortcut first-keystroke="meta #10000fa" second-keystroke="b" />
  </action>
  <action id="ActivateChatGPTToolWindow">
    <keyboard-shortcut first-keystroke="meta #10000fa" second-keystroke="c" />
  </action>
  <action id="ActivateDatabaseToolWindow">
    <keyboard-shortcut first-keystroke="meta 2" />
  </action>
  <action id="ActivateDuplicatesToolWindow">
    <keyboard-shortcut first-keystroke="meta #10000fa" second-keystroke="d" />
  </action>
  <action id="ActivateGitLabMergeRequestsToolWindow">
    <keyboard-shortcut first-keystroke="alt 0" />
  </action>
  <action id="ActivateMavenToolWindow">
    <keyboard-shortcut first-keystroke="meta m" />
  </action>
  <action id="ActivateVcsChangesToolWindow">
    <keyboard-shortcut first-keystroke="meta #10000fa" second-keystroke="1" />
  </action>
  <action id="Activatedocumentation.v2ToolWindow">
    <keyboard-shortcut first-keystroke="meta #10000fa" second-keystroke="k" />
  </action>
  <action id="Annotate">
    <keyboard-shortcut first-keystroke="meta #10000d6" second-keystroke="a" />
  </action>
  <action id="Back">
    <keyboard-shortcut first-keystroke="meta open_bracket" />
    <mouse-shortcut keystroke="button4" />
    <keyboard-shortcut first-keystroke="ctrl meta left" />
  </action>
  <action id="ChangesView.ToggleCommitUi" />
  <action id="CheckinProject">
    <keyboard-shortcut first-keystroke="ctrl c" />
  </action>
  <action id="CommentByLineComment">
    <keyboard-shortcut first-keystroke="meta slash" />
    <keyboard-shortcut first-keystroke="meta divide" />
    <keyboard-shortcut first-keystroke="shift meta comma" />
  </action>
  <action id="Console.TableResult.EditOrdering">
    <keyboard-shortcut first-keystroke="shift meta alt o" />
  </action>
  <action id="Debug" />
  <action id="Diff.AppendLeftSide">
    <keyboard-shortcut first-keystroke="meta #10000d6" second-keystroke="shift j" />
  </action>
  <action id="Diff.AppendRightSide">
    <keyboard-shortcut first-keystroke="meta #10000d6" second-keystroke="shift k" />
  </action>
  <action id="Diff.ApplyLeftSide">
    <keyboard-shortcut first-keystroke="meta #10000d6" second-keystroke="j" />
  </action>
  <action id="Diff.ApplyRightSide">
    <keyboard-shortcut first-keystroke="meta #10000d6" second-keystroke="k" />
  </action>
  <action id="Diff.ResolveConflict">
    <keyboard-shortcut first-keystroke="meta #10000d6" second-keystroke="r" />
  </action>
  <action id="DuplicatesForm.SendToRight" />
  <action id="EditSource">
    <keyboard-shortcut first-keystroke="meta down" />
    <keyboard-shortcut first-keystroke="f4" />
    <keyboard-shortcut first-keystroke="ctrl meta j" />
  </action>
  <action id="Editor LRU">
    <keyboard-shortcut first-keystroke="ctrl 0" />
  </action>
  <action id="EditorDeleteLine">
    <keyboard-shortcut first-keystroke="alt back_space" />
  </action>
  <action id="EditorDeleteToWordStart" />
  <action id="EditorDown">
    <keyboard-shortcut first-keystroke="down" />
    <keyboard-shortcut first-keystroke="ctrl n" />
    <keyboard-shortcut first-keystroke="ctrl j" />
  </action>
  <action id="EditorDownWithSelection">
    <keyboard-shortcut first-keystroke="shift down" />
    <keyboard-shortcut first-keystroke="shift ctrl j" />
  </action>
  <action id="EditorEnter">
    <keyboard-shortcut first-keystroke="enter" />
    <keyboard-shortcut first-keystroke="ctrl o" />
  </action>
  <action id="EditorLeft">
    <keyboard-shortcut first-keystroke="left" />
    <keyboard-shortcut first-keystroke="ctrl b" />
    <keyboard-shortcut first-keystroke="ctrl h" />
  </action>
  <action id="EditorPageDown">
    <keyboard-shortcut first-keystroke="page_down" />
    <keyboard-shortcut first-keystroke="ctrl d" />
  </action>
  <action id="EditorPageUp">
    <keyboard-shortcut first-keystroke="page_up" />
    <keyboard-shortcut first-keystroke="ctrl u" />
  </action>
  <action id="EditorRight">
    <keyboard-shortcut first-keystroke="right" />
    <keyboard-shortcut first-keystroke="ctrl f" />
    <keyboard-shortcut first-keystroke="ctrl l" />
  </action>
  <action id="EditorToggleUseSoftWraps">
    <keyboard-shortcut first-keystroke="meta #1000171" />
    <keyboard-shortcut first-keystroke="meta back_slash" />
  </action>
  <action id="EditorUp">
    <keyboard-shortcut first-keystroke="up" />
    <keyboard-shortcut first-keystroke="ctrl p" />
    <keyboard-shortcut first-keystroke="ctrl k" />
  </action>
  <action id="EditorUpWithSelection">
    <keyboard-shortcut first-keystroke="shift up" />
    <keyboard-shortcut first-keystroke="shift ctrl k" />
  </action>
  <action id="FileChooser.GotoProject" />
  <action id="Forward">
    <keyboard-shortcut first-keystroke="meta close_bracket" />
    <mouse-shortcut keystroke="button5" />
    <keyboard-shortcut first-keystroke="ctrl meta right" />
  </action>
  <action id="Git.Branches">
    <keyboard-shortcut first-keystroke="meta #10000d6" second-keystroke="b" />
  </action>
  <action id="Git.ChangesView.AcceptTheirs">
    <keyboard-shortcut first-keystroke="meta #10000d6" second-keystroke="l" />
  </action>
  <action id="Git.ChangesView.AcceptYours">
    <keyboard-shortcut first-keystroke="meta #10000d6" second-keystroke="h" />
  </action>
  <action id="Git.Commit.Stage">
    <keyboard-shortcut first-keystroke="ctrl alt c" />
  </action>
  <action id="Git.Pull">
    <keyboard-shortcut first-keystroke="meta #10000d6" second-keystroke="p" />
  </action>
  <action id="GotoBookmark0" />
  <action id="GuiDesigner.QuickJavadoc">
    <keyboard-shortcut first-keystroke="f1" />
    <keyboard-shortcut first-keystroke="ctrl j" />
    <mouse-shortcut keystroke="control button2" />
  </action>
  <action id="InsertLiveTemplate" />
  <action id="List-selectNextRowExtendSelection">
    <keyboard-shortcut first-keystroke="shift down" />
    <keyboard-shortcut first-keystroke="shift ctrl j" />
  </action>
  <action id="Majera.CodeReview.GitLab.ApproveOrUnapprovePullRequest">
    <keyboard-shortcut first-keystroke="ctrl meta enter" />
  </action>
  <action id="Majera.CodeReview.GitLab.CheckoutPullRequestBranch">
    <keyboard-shortcut first-keystroke="meta #10000d6" second-keystroke="n" />
  </action>
  <action id="Majera.CodeReview.GitLab.CreatePullRequest">
    <keyboard-shortcut first-keystroke="meta #10000d6" second-keystroke="m" />
  </action>
  <action id="Majera.CodeReview.GitLab.EditPullRequest">
    <keyboard-shortcut first-keystroke="meta #10000d6" second-keystroke="e" />
  </action>
  <action id="Majera.CodeReview.GitLab.LeaveFileComment">
    <keyboard-shortcut first-keystroke="meta alt x" />
    <keyboard-shortcut first-keystroke="meta #10000d6" second-keystroke="f" />
  </action>
  <action id="Majera.CodeReview.GitLab.LeaveGeneralComment">
    <keyboard-shortcut first-keystroke="meta #10000d6" second-keystroke="c" />
  </action>
  <action id="Majera.CodeReview.GitLab.NextCommentInDiff">
    <keyboard-shortcut first-keystroke="meta #10000d6" second-keystroke="j" />
  </action>
  <action id="Majera.CodeReview.GitLab.ShowCommentListInDiff">
    <keyboard-shortcut first-keystroke="meta #10000d6" second-keystroke="#10000fa" />
  </action>
  <action id="MinimizeCurrentWindow" />
  <action id="MoveEditorToOppositeTabGroup">
    <keyboard-shortcut first-keystroke="meta #10000fc" second-keystroke="m" />
  </action>
  <action id="NextSplitter">
    <keyboard-shortcut first-keystroke="alt tab" />
    <keyboard-shortcut first-keystroke="meta #10000fc" second-keystroke="k" />
  </action>
  <action id="NextTab">
    <keyboard-shortcut first-keystroke="meta alt right" />
    <keyboard-shortcut first-keystroke="alt l" />
    <keyboard-shortcut first-keystroke="meta k" />
  </action>
  <action id="PartialPageNav.PageDown">
    <keyboard-shortcut first-keystroke="page_down" />
    <keyboard-shortcut first-keystroke="ctrl d" />
    <keyboard-shortcut first-keystroke="meta #1000151" />
  </action>
  <action id="PartialPageNav.PageUp">
    <keyboard-shortcut first-keystroke="page_up" />
    <keyboard-shortcut first-keystroke="ctrl u" />
  </action>
  <action id="PrevSplitter">
    <keyboard-shortcut first-keystroke="shift alt tab" />
    <keyboard-shortcut first-keystroke="meta #10000fc" second-keystroke="j" />
  </action>
  <action id="PreviousTab">
    <keyboard-shortcut first-keystroke="meta alt left" />
    <keyboard-shortcut first-keystroke="alt h" />
    <keyboard-shortcut first-keystroke="meta j" />
  </action>
  <action id="QuickJavaDoc">
    <keyboard-shortcut first-keystroke="f1" />
    <mouse-shortcut keystroke="control button2" />
  </action>
  <action id="Run" />
  <action id="RunDashboard.ClearContent">
    <keyboard-shortcut first-keystroke="shift back_space" />
  </action>
  <action id="ServiceView.OpenInNewTab">
    <keyboard-shortcut first-keystroke="meta t" />
  </action>
  <action id="ShowPopupMenu">
    <keyboard-shortcut first-keystroke="ctrl m" />
  </action>
  <action id="ShowProjectStructureSettings">
    <keyboard-shortcut first-keystroke="meta semicolon" />
    <keyboard-shortcut first-keystroke="meta alt comma" />
  </action>
  <action id="SplitHorizontally">
    <keyboard-shortcut first-keystroke="meta #10000fc" second-keystroke="s" />
  </action>
  <action id="SplitVertically">
    <keyboard-shortcut first-keystroke="meta #10000fc" second-keystroke="v" />
  </action>
  <action id="Terminal.ClearBuffer">
    <keyboard-shortcut first-keystroke="meta l" />
  </action>
  <action id="Terminal.NewTab" />
  <action id="Terminal.ShowDocumentation">
    <keyboard-shortcut first-keystroke="f1" />
    <keyboard-shortcut first-keystroke="ctrl j" />
    <mouse-shortcut keystroke="control button2" />
  </action>
  <action id="UpdateFiles">
    <keyboard-shortcut first-keystroke="ctrl u" />
  </action>
  <action id="UsageGrouping.DirectoryStructure" />
  <action id="Vcs.CherryPick">
    <keyboard-shortcut first-keystroke="alt 2" />
  </action>
  <action id="Vcs.Log.ShowAllAffected" />
  <action id="Vcs.UpdateProject" />
  <action id="VcsHistory.ShowAllAffected">
    <keyboard-shortcut first-keystroke="meta #10000f3" />
  </action>
  <action id="codeium.aA">
    <keyboard-shortcut first-keystroke="alt open_bracket" />
    <keyboard-shortcut first-keystroke="alt #1000151" />
  </action>
  <action id="codeium.az">
    <keyboard-shortcut first-keystroke="alt close_bracket" />
    <keyboard-shortcut first-keystroke="alt #10000fa" />
  </action>
  <action id="context.clear" />
  <action id="editRunConfigurations">
    <keyboard-shortcut first-keystroke="meta f4" />
  </action>
</keymap>