<profile version="1.0">
  <option name="myName" value="Intuitech Inspections" />
  <inspection_tool class="Eslint" enabled="true" level="WARNING" enabled_by_default="true" />
  <inspection_tool class="HtmlUnknownAttribute" enabled="true" level="WARNING" enabled_by_default="true">
    <option name="myValues">
      <value>
        <list size="1">
          <item index="0" class="java.lang.String" itemvalue="*ngFor" />
        </list>
      </value>
    </option>
    <option name="myCustomValuesEnabled" value="true" />
  </inspection_tool>
  <inspection_tool class="IncorrectFormatting" enabled="true" level="ERROR" enabled_by_default="true" editorAttributes="ERRORS_ATTRIBUTES" />
  <inspection_tool class="MissortedModifiers" enabled="true" level="ERROR" enabled_by_default="true" editorAttributes="ERRORS_ATTRIBUTES">
    <option name="m_requireAnnotationsFirst" value="true" />
  </inspection_tool>
</profile>